project,config,run_index,classname,testname,status,message
javadelight.delight-nashorn-sandbox,LOCAL_UNLIMITED,1,delight.nashornsandbox.TestEvalWithScriptContextWithNewBindings,testWithNewBindings,pass,
javadelight.delight-nashorn-sandbox,LOCAL_UNLIMITED,1,delight.nashornsandbox.TestEvalWithScriptContextWithNewBindings,testWithNewSimpleBindings,pass,
javadelight.delight-nashorn-sandbox,LOCAL_UNLIMITED,1,delight.nashornsandbox.TestEvalWithScriptContextWithNewBindings,testWithNewBindingsScriptContext,pass,
javadelight.delight-nashorn-sandbox,LOCAL_UNLIMITED,1,delight.nashornsandbox.TestEvalWithScriptContextWithNewBindings,testWithExistingBindings,pass,
javadelight.delight-nashorn-sandbox,LOCAL_UNLIMITED,1,delight.nashornsandbox.TestRemoveComments,test,pass,
javadelight.delight-nashorn-sandbox,LOCAL_UNLIMITED,1,delight.nashornsandbox.TestIssue34,testIssue34_Scenario1,pass,
javadelight.delight-nashorn-sandbox,LOCAL_UNLIMITED,1,delight.nashornsandbox.TestIssue34,testIssue34_Scenario2,pass,
javadelight.delight-nashorn-sandbox,LOCAL_UNLIMITED,1,delight.nashornsandbox.TestIssue34,testIssue34_Scenario3,pass,
javadelight.delight-nashorn-sandbox,LOCAL_UNLIMITED,1,delight.nashornsandbox.TestIssue34,testIssue34_Scenario3_2,pass,
javadelight.delight-nashorn-sandbox,LOCAL_UNLIMITED,1,delight.nashornsandbox.TestIssue34,testIssue34_Scenario4,pass,
javadelight.delight-nashorn-sandbox,LOCAL_UNLIMITED,1,delight.nashornsandbox.TestIssue34,testIssue34_Scenario5,pass,
javadelight.delight-nashorn-sandbox,LOCAL_UNLIMITED,1,delight.nashornsandbox.TestGlobalVariable,test_java_variable,pass,
javadelight.delight-nashorn-sandbox,LOCAL_UNLIMITED,1,delight.nashornsandbox.TestIfElse,testIfElse,pass,
javadelight.delight-nashorn-sandbox,LOCAL_UNLIMITED,1,delight.nashornsandbox.TestIssue36,test,pass,
javadelight.delight-nashorn-sandbox,LOCAL_UNLIMITED,1,delight.nashornsandbox.TestKeepVariables,test,pass,
javadelight.delight-nashorn-sandbox,LOCAL_UNLIMITED,1,delight.nashornsandbox.TestInaccessible,test_file,pass,
javadelight.delight-nashorn-sandbox,LOCAL_UNLIMITED,1,delight.nashornsandbox.TestInaccessible,test_system_exit,pass,
javadelight.delight-nashorn-sandbox,LOCAL_UNLIMITED,1,delight.nashornsandbox.TestSetWriter,test,pass,
javadelight.delight-nashorn-sandbox,LOCAL_UNLIMITED,1,delight.nashornsandbox.TestManyEvalsAndInjections,test,pass,
javadelight.delight-nashorn-sandbox,LOCAL_UNLIMITED,1,delight.nashornsandbox.TestIssue54,test_valid,pass,
javadelight.delight-nashorn-sandbox,LOCAL_UNLIMITED,1,delight.nashornsandbox.internal.JsSanitizerTest,testSecureJs_10statment,pass,
javadelight.delight-nashorn-sandbox,LOCAL_UNLIMITED,1,delight.nashornsandbox.internal.JsSanitizerTest,testSecureJs_10statment_break,pass,
javadelight.delight-nashorn-sandbox,LOCAL_UNLIMITED,1,delight.nashornsandbox.internal.JsSanitizerTest,testSecureJs_simple,pass,
javadelight.delight-nashorn-sandbox,LOCAL_UNLIMITED,1,delight.nashornsandbox.internal.JsSanitizerTest,test_issue_66_case1,pass,
javadelight.delight-nashorn-sandbox,LOCAL_UNLIMITED,1,delight.nashornsandbox.internal.JsSanitizerTest,testCheckBracess,pass,
javadelight.delight-nashorn-sandbox,LOCAL_UNLIMITED,1,delight.nashornsandbox.internal.JsSanitizerTest,test_issue_66_case2,pass,
javadelight.delight-nashorn-sandbox,LOCAL_UNLIMITED,1,delight.nashornsandbox.internal.JsSanitizerTest,testSecureJs,pass,
javadelight.delight-nashorn-sandbox,LOCAL_UNLIMITED,1,delight.nashornsandbox.TestMemoryLimit,test,pass,
javadelight.delight-nashorn-sandbox,LOCAL_UNLIMITED,1,delight.nashornsandbox.TestMemoryLimit,test_no_abuse,pass,
javadelight.delight-nashorn-sandbox,LOCAL_UNLIMITED,1,delight.nashornsandbox.TestMemoryLimit,test_killed,pass,
javadelight.delight-nashorn-sandbox,LOCAL_UNLIMITED,1,delight.nashornsandbox.TestMemoryLimit,test_noexpectedbraces,pass,
javadelight.delight-nashorn-sandbox,LOCAL_UNLIMITED,1,delight.nashornsandbox.TestIssue57,testMapReduce,pass,
javadelight.delight-nashorn-sandbox,LOCAL_UNLIMITED,1,delight.nashornsandbox.TestAllowAccess,test_file,pass,
javadelight.delight-nashorn-sandbox,LOCAL_UNLIMITED,1,delight.nashornsandbox.TestExceptions,test,pass,
javadelight.delight-nashorn-sandbox,LOCAL_UNLIMITED,1,delight.nashornsandbox.TestExceptions,test_with_catch,pass,
javadelight.delight-nashorn-sandbox,LOCAL_UNLIMITED,1,delight.nashornsandbox.TestExceptions,test_with_line_number,pass,
javadelight.delight-nashorn-sandbox,LOCAL_UNLIMITED,1,delight.nashornsandbox.TestExceptions,test_with_thread,pass,
javadelight.delight-nashorn-sandbox,LOCAL_UNLIMITED,1,delight.nashornsandbox.TestSimpleEval,test,pass,
javadelight.delight-nashorn-sandbox,LOCAL_UNLIMITED,1,delight.nashornsandbox.TestIssue47,test_invalid,pass,
javadelight.delight-nashorn-sandbox,LOCAL_UNLIMITED,1,delight.nashornsandbox.TestIssue47,test_valid,pass,
javadelight.delight-nashorn-sandbox,LOCAL_UNLIMITED,1,delight.nashornsandbox.TestInvocable,testInvokeMethod,pass,
javadelight.delight-nashorn-sandbox,LOCAL_UNLIMITED,1,delight.nashornsandbox.TestInvocable,testInvokeFunction,pass,
javadelight.delight-nashorn-sandbox,LOCAL_UNLIMITED,1,delight.nashornsandbox.TestExit,testQuit,pass,
javadelight.delight-nashorn-sandbox,LOCAL_UNLIMITED,1,delight.nashornsandbox.TestExit,testQuitWithBindings,pass,
javadelight.delight-nashorn-sandbox,LOCAL_UNLIMITED,1,delight.nashornsandbox.TestExit,testQuitWithScriptContext,skipped,
javadelight.delight-nashorn-sandbox,LOCAL_UNLIMITED,1,delight.nashornsandbox.TestExit,testExit,pass,
javadelight.delight-nashorn-sandbox,LOCAL_UNLIMITED,1,delight.nashornsandbox.TestBindingsInsert,testInsertOptions,pass,
javadelight.delight-nashorn-sandbox,LOCAL_UNLIMITED,1,delight.nashornsandbox.TestBindingsInsert,testInsertOptionsWithBinding,pass,
javadelight.delight-nashorn-sandbox,LOCAL_UNLIMITED,1,delight.nashornsandbox.TestBindingsInsert,testInsertOptionsWithBinding2,pass,
javadelight.delight-nashorn-sandbox,LOCAL_UNLIMITED,1,delight.nashornsandbox.TestBindingsInsert,testOverride,skipped,
javadelight.delight-nashorn-sandbox,LOCAL_UNLIMITED,1,delight.nashornsandbox.TestCustomCache,testCustomCacheUsage,pass,
javadelight.delight-nashorn-sandbox,LOCAL_UNLIMITED,1,delight.nashornsandbox.TestEvalWithScriptContext,test,pass,
javadelight.delight-nashorn-sandbox,LOCAL_UNLIMITED,1,delight.nashornsandbox.TestEvalWithScriptContext,testWithCPUAndMemory,pass,
javadelight.delight-nashorn-sandbox,LOCAL_UNLIMITED,1,delight.nashornsandbox.TestLimitCPU,test,pass,
javadelight.delight-nashorn-sandbox,LOCAL_UNLIMITED,1,delight.nashornsandbox.TestLimitCPU,test_only_while,pass,
javadelight.delight-nashorn-sandbox,LOCAL_UNLIMITED,1,delight.nashornsandbox.TestLimitCPU,test_evil_script,pass,
javadelight.delight-nashorn-sandbox,LOCAL_UNLIMITED,1,delight.nashornsandbox.TestLimitCPU,test_nice_script,pass,
javadelight.delight-nashorn-sandbox,LOCAL_UNLIMITED,1,delight.nashornsandbox.TestLimitCPU,test_only_while_allowed_bad_script,pass,
javadelight.delight-nashorn-sandbox,LOCAL_UNLIMITED,1,delight.nashornsandbox.TestLimitCPU,test_only_while_good_script,pass,
javadelight.delight-nashorn-sandbox,LOCAL_UNLIMITED,1,delight.nashornsandbox.TestLimitCPU,test_while_plus_iteration_bad_script,pass,
javadelight.delight-nashorn-sandbox,LOCAL_UNLIMITED,1,delight.nashornsandbox.TestLimitCPU,test_while_plus_iteration_bad_scrip_allowed,pass,
javadelight.delight-nashorn-sandbox,LOCAL_UNLIMITED,1,delight.nashornsandbox.TestLimitCPU,test_while_plus_iteration,pass,
javadelight.delight-nashorn-sandbox,LOCAL_UNLIMITED,1,delight.nashornsandbox.TestLimitCPU,test_do_while,pass,
javadelight.delight-nashorn-sandbox,LOCAL_UNLIMITED,1,delight.nashornsandbox.TestLimitCPU,testIsMatchCpuAbuseDirect,pass,
javadelight.delight-nashorn-sandbox,LOCAL_UNLIMITED,1,delight.nashornsandbox.TestLimitCPU,testCpuLmitInInvocable,pass,
javadelight.delight-nashorn-sandbox,LOCAL_UNLIMITED,1,delight.nashornsandbox.internal.ThreadMonitorTest,when_run_and_threadToMonitor_set_then_do_not_wait,pass,
javadelight.delight-nashorn-sandbox,LOCAL_UNLIMITED,1,delight.nashornsandbox.TestEvalWithScriptBindings,test,pass,
javadelight.delight-nashorn-sandbox,LOCAL_UNLIMITED,1,delight.nashornsandbox.TestEvalWithScriptBindings,testWithCPUAndMemory,pass,
javadelight.delight-nashorn-sandbox,LOCAL_UNLIMITED,1,delight.nashornsandbox.TestScriptInterruptionAndCatch,test_catch,pass,
javadelight.delight-nashorn-sandbox,LOCAL_UNLIMITED,1,delight.nashornsandbox.TestClassForName,test_access_granted,pass,
javadelight.delight-nashorn-sandbox,LOCAL_UNLIMITED,1,delight.nashornsandbox.TestClassForName,test_access_denied,pass,
javadelight.delight-nashorn-sandbox,LOCAL_UNLIMITED,1,delight.nashornsandbox.TestSwitch,test,pass,
javadelight.delight-nashorn-sandbox,LOCAL_UNLIMITED,1,delight.nashornsandbox.TestGetFunction,test,pass,
javadelight.delight-nashorn-sandbox,LOCAL_UNLIMITED,1,delight.nashornsandbox.TestAllowAndDisallowClasses,test_file,pass,
javadelight.delight-nashorn-sandbox,LOCAL_UNLIMITED,1,delight.nashornsandbox.TestAccessFunction,test_access_variable,pass,
javadelight.delight-nashorn-sandbox,LOCAL_UNLIMITED,1,delight.nashornsandbox.TestEvalWithScriptContextWithVariables,test,pass,
javadelight.delight-nashorn-sandbox,LOCAL_UNLIMITED,1,delight.nashornsandbox.TestEvalWithScriptContextWithVariables,testWithCPUAndMemory,pass,
javadelight.delight-nashorn-sandbox,LOCAL_UNLIMITED,1,delight.nashornsandbox.TestBuiltInObjectsAccess,test_block_access,pass,
javadelight.delight-nashorn-sandbox,LOCAL_UNLIMITED,1,delight.nashornsandbox.TestIssue40_ScriptEngineParameters,test,pass,
