language,project,classname,testname,message,message_category,occurrence_count
java,activiti_activiti,org.activiti.engine.test.api.event.ActivityEventsTest,testActivityTimeOutEvent,time limit of 2000 was exceeded,other,2
java,activiti_activiti,org.activiti.engine.test.api.task.TaskServiceTest,testGetVariableByHistoricActivityInstance,expected:&lt;value1&gt; but was:&lt;value2&gt;,assertion mismatch,20
java,activiti_activiti,org.activiti.engine.test.bpmn.async.AsyncTaskTest,testAsyncCallActivity,time limit of 20000 was exceeded,other,1
java,activiti_activiti,org.activiti.engine.test.bpmn.async.AsyncTaskTest,testAsyncServiceSubProcessTimer,time limit of 5000 was exceeded,other,1
java,apache_ambari,org.apache.ambari.server.agent.TestActionQueue,testConcurrentOperations,expected:&lt;6942&gt; but was:&lt;6941&gt;,assertion mismatch,1
java,apache_ambari,org.apache.ambari.server.agent.TestActionQueue,testConcurrentOperations,expected:&lt;0&gt; but was:&lt;2&gt;,assertion mismatch,1
java,apache_hbase,org.apache.hadoop.hbase.TestEmptyMetaInfo,testEmptyMetaInfo,Failed construction of Master: class org.apache.hadoop.hbase.MiniHBaseCluster$MiniHBaseClusterMasterProblem binding to /172.17.0.2:60000 : Address already in use,other,7
java,apache_hbase,org.apache.hadoop.hbase.TestInfoServers,testInfoServersAreUp,Failed construction of Master: class org.apache.hadoop.hbase.MiniHBaseCluster$MiniHBaseClusterMasterProblem binding to /172.17.0.2:60000 : Address already in use,other,7
java,apache_hbase,org.apache.hadoop.hbase.TestMergeMeta,testMergeMeta,Can not compact META table if instance is on-line,other,7
java,apache_hbase,org.apache.hadoop.hbase.TestMergeTable,testMergeTable,Failed construction of Master: class org.apache.hadoop.hbase.MiniHBaseCluster$MiniHBaseClusterMasterProblem binding to /172.17.0.2:60000 : Address already in use,other,7
java,apache_hbase,org.apache.hadoop.hbase.TestMultiParallelPut,testMultiPut,Failed construction of Master: class org.apache.hadoop.hbase.MiniHBaseCluster$MiniHBaseClusterMasterProblem binding to /172.17.0.2:60000 : Address already in use,other,7
java,apache_hbase,org.apache.hadoop.hbase.TestRegionRebalancing,testRebalancing,Failed construction of Master: class org.apache.hadoop.hbase.MiniHBaseCluster$MiniHBaseClusterMasterProblem binding to /172.17.0.2:60000 : Address already in use,other,7
java,apache_hbase,org.apache.hadoop.hbase.TestScanMultipleVersions,testScanMultipleVersions,Failed construction of Master: class org.apache.hadoop.hbase.MiniHBaseCluster$MiniHBaseClusterMasterProblem binding to /172.17.0.2:60000 : Address already in use,other,7
java,apache_hbase,org.apache.hadoop.hbase.client.TestGetRowVersions,testGetRowMultipleVersions,Failed construction of Master: class org.apache.hadoop.hbase.MiniHBaseCluster$MiniHBaseClusterMasterProblem binding to /172.17.0.2:60000 : Address already in use,other,7
java,apache_hbase,org.apache.hadoop.hbase.client.TestTimestamp,testTimestamps,Failed construction of Master: class org.apache.hadoop.hbase.MiniHBaseCluster$MiniHBaseClusterMasterProblem binding to /172.17.0.2:60000 : Address already in use,other,7
java,apache_hbase,org.apache.hadoop.hbase.mapred.TestTableMapReduce,testMultiRegionTable,Failed construction of Master: class org.apache.hadoop.hbase.MiniHBaseCluster$MiniHBaseClusterMasterProblem binding to /172.17.0.2:60000 : Address already in use,other,7
java,apache_hbase,org.apache.hadoop.hbase.mapreduce.TestTableMapReduce,testMultiRegionTable,Failed construction of Master: class org.apache.hadoop.hbase.MiniHBaseCluster$MiniHBaseClusterMasterProblem binding to /172.17.0.2:60000 : Address already in use,other,7
java,apache_hbase,org.apache.hadoop.hbase.mapreduce.TestTimeRangeMapRed,testTimeRangeMapRed,Failed construction of Master: class org.apache.hadoop.hbase.MiniHBaseCluster$MiniHBaseClusterMasterProblem binding to /172.17.0.2:60000 : Address already in use,other,7
java,apache_hbase,org.apache.hadoop.hbase.master.TestMinimumServerCount,testMinimumServerCount,Failed construction of Master: class org.apache.hadoop.hbase.MiniHBaseCluster$MiniHBaseClusterMasterProblem binding to /172.17.0.2:60000 : Address already in use,other,7
java,apache_hbase,org.apache.hadoop.hbase.master.TestRegionManager,testGetFirstMetaRegionForRegionAfterMetaSplit,Failed construction of Master: class org.apache.hadoop.hbase.MiniHBaseCluster$MiniHBaseClusterMasterProblem binding to /172.17.0.2:60000 : Address already in use,other,7
java,apache_hbase,org.apache.hadoop.hbase.regionserver.wal.TestLogRolling,testLogRollOnDatanodeDeath,Failed construction of Master: class org.apache.hadoop.hbase.MiniHBaseCluster$MiniHBaseClusterMasterProblem binding to /172.17.0.2:60000 : Address already in use,other,7
java,apache_hbase,org.apache.hadoop.hbase.regionserver.wal.TestLogRolling,testLogRolling,Failed construction of Master: class org.apache.hadoop.hbase.MiniHBaseCluster$MiniHBaseClusterMasterProblem binding to /172.17.0.2:60000 : Address already in use,other,7
java,apache_hbase,org.apache.hadoop.hbase.stargate.Test00MiniCluster,testDFSMiniCluster,Cannot lock storage build/test/data/dfs/name1. The directory is already locked.,other,7
java,apache_hbase,org.apache.hadoop.hbase.stargate.Test00MiniCluster,testHBaseMiniCluster,Cannot lock storage build/test/data/dfs/name1. The directory is already locked.,other,7
java,apache_hbase,org.apache.hadoop.hbase.stargate.Test00MiniCluster,testStargateServlet,Cannot lock storage build/test/data/dfs/name1. The directory is already locked.,other,7
java,apache_hbase,org.apache.hadoop.hbase.stargate.Test00MiniCluster,testZooKeeperMiniCluster,Cannot lock storage build/test/data/dfs/name1. The directory is already locked.,other,7
java,apache_hbase,org.apache.hadoop.hbase.stargate.TestRowResource,testDelete,Cannot lock storage build/test/data/dfs/name1. The directory is already locked.,other,7
java,apache_hbase,org.apache.hadoop.hbase.stargate.TestRowResource,testMultiCellGetPutPB,Cannot lock storage build/test/data/dfs/name1. The directory is already locked.,other,7
java,apache_hbase,org.apache.hadoop.hbase.stargate.TestRowResource,testMultiCellGetPutXML,Cannot lock storage build/test/data/dfs/name1. The directory is already locked.,other,7
java,apache_hbase,org.apache.hadoop.hbase.stargate.TestRowResource,testSingleCellGetJSON,Cannot lock storage build/test/data/dfs/name1. The directory is already locked.,other,7
java,apache_hbase,org.apache.hadoop.hbase.stargate.TestRowResource,testSingleCellGetPutBinary,Cannot lock storage build/test/data/dfs/name1. The directory is already locked.,other,7
java,apache_hbase,org.apache.hadoop.hbase.stargate.TestRowResource,testSingleCellGetPutPB,Cannot lock storage build/test/data/dfs/name1. The directory is already locked.,other,7
java,apache_hbase,org.apache.hadoop.hbase.stargate.TestRowResource,testSingleCellGetPutXML,Cannot lock storage build/test/data/dfs/name1. The directory is already locked.,other,7
java,apache_hbase,org.apache.hadoop.hbase.stargate.TestRowResource,testURLEncodedKey,Cannot lock storage build/test/data/dfs/name1. The directory is already locked.,other,7
java,apache_hbase,org.apache.hadoop.hbase.stargate.TestScannerResource,testFullTableScan,Cannot lock storage build/test/data/dfs/name1. The directory is already locked.,other,7
java,apache_hbase,org.apache.hadoop.hbase.stargate.TestScannerResource,testSimpleScannerBinary,Cannot lock storage build/test/data/dfs/name1. The directory is already locked.,other,7
java,apache_hbase,org.apache.hadoop.hbase.stargate.TestScannerResource,testSimpleScannerPB,Cannot lock storage build/test/data/dfs/name1. The directory is already locked.,other,7
java,apache_hbase,org.apache.hadoop.hbase.stargate.TestScannerResource,testSimpleScannerXML,Cannot lock storage build/test/data/dfs/name1. The directory is already locked.,other,7
java,apache_hbase,org.apache.hadoop.hbase.stargate.TestScannersWithFilters,testFilterList,Cannot lock storage build/test/data/dfs/name1. The directory is already locked.,other,7
java,apache_hbase,org.apache.hadoop.hbase.stargate.TestScannersWithFilters,testFirstKeyOnlyFilter,Cannot lock storage build/test/data/dfs/name1. The directory is already locked.,other,7
java,apache_hbase,org.apache.hadoop.hbase.stargate.TestScannersWithFilters,testInclusiveStopFilter,Cannot lock storage build/test/data/dfs/name1. The directory is already locked.,other,7
java,apache_hbase,org.apache.hadoop.hbase.stargate.TestScannersWithFilters,testNoFilter,Cannot lock storage build/test/data/dfs/name1. The directory is already locked.,other,7
java,apache_hbase,org.apache.hadoop.hbase.stargate.TestScannersWithFilters,testPageFilter,Cannot lock storage build/test/data/dfs/name1. The directory is already locked.,other,7
java,apache_hbase,org.apache.hadoop.hbase.stargate.TestScannersWithFilters,testPrefixFilter,Cannot lock storage build/test/data/dfs/name1. The directory is already locked.,other,7
java,apache_hbase,org.apache.hadoop.hbase.stargate.TestScannersWithFilters,testQualifierFilter,Cannot lock storage build/test/data/dfs/name1. The directory is already locked.,other,7
java,apache_hbase,org.apache.hadoop.hbase.stargate.TestScannersWithFilters,testRowFilter,Cannot lock storage build/test/data/dfs/name1. The directory is already locked.,other,7
java,apache_hbase,org.apache.hadoop.hbase.stargate.TestScannersWithFilters,testSkipFilter,Cannot lock storage build/test/data/dfs/name1. The directory is already locked.,other,7
java,apache_hbase,org.apache.hadoop.hbase.stargate.TestScannersWithFilters,testValueFilter,Cannot lock storage build/test/data/dfs/name1. The directory is already locked.,other,7
java,apache_hbase,org.apache.hadoop.hbase.stargate.TestSchemaResource,testTableCreateAndDeletePB,Cannot lock storage build/test/data/dfs/name1. The directory is already locked.,other,7
java,apache_hbase,org.apache.hadoop.hbase.stargate.TestSchemaResource,testTableCreateAndDeleteXML,Failed construction of Master: class org.apache.hadoop.hbase.MiniHBaseCluster$MiniHBaseClusterMasterProblem binding to /172.17.0.2:60000 : Address already in use,other,7
java,apache_hbase,org.apache.hadoop.hbase.stargate.TestStatusResource,testGetClusterStatusPB,Cannot lock storage build/test/data/dfs/name1. The directory is already locked.,other,7
java,apache_hbase,org.apache.hadoop.hbase.stargate.TestStatusResource,testGetClusterStatusXML,Cannot lock storage build/test/data/dfs/name1. The directory is already locked.,other,7
java,apache_hbase,org.apache.hadoop.hbase.stargate.TestTableResource,testTableListJSON,Cannot lock storage build/test/data/dfs/name1. The directory is already locked.,other,7
java,apache_hbase,org.apache.hadoop.hbase.stargate.TestTableResource,testTableListPB,Cannot lock storage build/test/data/dfs/name1. The directory is already locked.,other,7
java,apache_hbase,org.apache.hadoop.hbase.stargate.TestTableResource,testTableListText,Cannot lock storage build/test/data/dfs/name1. The directory is already locked.,other,7
java,apache_hbase,org.apache.hadoop.hbase.stargate.TestTableResource,testTableListXML,Cannot lock storage build/test/data/dfs/name1. The directory is already locked.,other,7
java,apache_hbase,org.apache.hadoop.hbase.stargate.TestVersionResource,testGetStargateVersionJSON,Cannot lock storage build/test/data/dfs/name1. The directory is already locked.,other,7
java,apache_hbase,org.apache.hadoop.hbase.stargate.TestVersionResource,testGetStargateVersionPB,Cannot lock storage build/test/data/dfs/name1. The directory is already locked.,other,7
java,apache_hbase,org.apache.hadoop.hbase.stargate.TestVersionResource,testGetStargateVersionText,Cannot lock storage build/test/data/dfs/name1. The directory is already locked.,other,7
java,apache_hbase,org.apache.hadoop.hbase.stargate.TestVersionResource,testGetStargateVersionXML,Cannot lock storage build/test/data/dfs/name1. The directory is already locked.,other,7
java,apache_hbase,org.apache.hadoop.hbase.stargate.TestVersionResource,testGetStorageClusterVersionJSON,Cannot lock storage build/test/data/dfs/name1. The directory is already locked.,other,7
java,apache_hbase,org.apache.hadoop.hbase.stargate.TestVersionResource,testGetStorageClusterVersionText,Cannot lock storage build/test/data/dfs/name1. The directory is already locked.,other,7
java,apache_hbase,org.apache.hadoop.hbase.stargate.TestVersionResource,testGetStorageClusterVersionXML,Cannot lock storage build/test/data/dfs/name1. The directory is already locked.,other,7
java,apache_hbase,org.apache.hadoop.hbase.stargate.auth.TestHTableAuthenticator,testGetAdminUser,Cannot lock storage build/test/data/dfs/name1. The directory is already locked.,other,7
java,apache_hbase,org.apache.hadoop.hbase.stargate.auth.TestHTableAuthenticator,testGetDisabledUser,Cannot lock storage build/test/data/dfs/name1. The directory is already locked.,other,7
java,apache_hbase,org.apache.hadoop.hbase.stargate.auth.TestHTableAuthenticator,testGetPlainUser,Cannot lock storage build/test/data/dfs/name1. The directory is already locked.,other,7
java,apache_hbase,org.apache.hadoop.hbase.stargate.auth.TestHTableAuthenticator,testGetUserUnknown,Cannot lock storage build/test/data/dfs/name1. The directory is already locked.,other,7
java,apache_hbase,org.apache.hadoop.hbase.stargate.auth.TestZooKeeperAuthenticator,testGetAdminUser,Cannot lock storage build/test/data/dfs/name1. The directory is already locked.,other,7
java,apache_hbase,org.apache.hadoop.hbase.stargate.auth.TestZooKeeperAuthenticator,testGetDisabledUser,Cannot lock storage build/test/data/dfs/name1. The directory is already locked.,other,7
java,apache_hbase,org.apache.hadoop.hbase.stargate.auth.TestZooKeeperAuthenticator,testGetPlainUser,Cannot lock storage build/test/data/dfs/name1. The directory is already locked.,other,7
java,apache_hbase,org.apache.hadoop.hbase.stargate.auth.TestZooKeeperAuthenticator,testGetUserUnknown,Cannot lock storage build/test/data/dfs/name1. The directory is already locked.,other,7
java,apache_hbase,org.apache.hadoop.hbase.stargate.client.TestRemoteAdmin,testCreateTable,Cannot lock storage build/test/data/dfs/name1. The directory is already locked.,other,7
java,apache_hbase,org.apache.hadoop.hbase.stargate.client.TestRemoteAdmin,testDeleteTable,Cannot lock storage build/test/data/dfs/name1. The directory is already locked.,other,7
java,apache_hbase,org.apache.hadoop.hbase.stargate.client.TestRemoteTable,testDelete,Cannot lock storage build/test/data/dfs/name1. The directory is already locked.,other,7
java,apache_hbase,org.apache.hadoop.hbase.stargate.client.TestRemoteTable,testGet,Cannot lock storage build/test/data/dfs/name1. The directory is already locked.,other,7
java,apache_hbase,org.apache.hadoop.hbase.stargate.client.TestRemoteTable,testGetTableDescriptor,Cannot lock storage build/test/data/dfs/name1. The directory is already locked.,other,7
java,apache_hbase,org.apache.hadoop.hbase.stargate.client.TestRemoteTable,testPut,Cannot lock storage build/test/data/dfs/name1. The directory is already locked.,other,7
java,apache_hbase,org.apache.hadoop.hbase.stargate.client.TestRemoteTable,testScanner,Cannot lock storage build/test/data/dfs/name1. The directory is already locked.,other,7
java,apache_hbase,org.apache.hadoop.hbase.stargate.util.TestHTableTokenBucket,testTokenBucket,Cannot lock storage build/test/data/dfs/name1. The directory is already locked.,other,7
java,apache_hbase,org.apache.hadoop.hbase.stargate.util.TestHTableTokenBucket,testTokenBucketConfig,Cannot lock storage build/test/data/dfs/name1. The directory is already locked.,other,7
java,apache_hbase,org.apache.hadoop.hbase.thrift.TestThriftServer,testAll,Failed construction of Master: class org.apache.hadoop.hbase.MiniHBaseCluster$MiniHBaseClusterMasterProblem binding to /172.17.0.2:60000 : Address already in use,other,7
java,apache_hbase,org.apache.hadoop.hbase.util.TestMergeTool,testMergeTool,&apos;merging regions 0 and 1&apos; failed,other,7
java,apache_httpcore,org.apache.http.pool.TestConnPool,testLeaseTimeout,null,other,4
java,apache_incubator-dubbo,org.apache.dubbo.common.logger.slf4j.Slf4jLoggerTest,testLocationAwareLogger,"&#10;Missing method call for verify(mock) here:&#10;-&gt; at org.apache.dubbo.common.concurrent.CompletableFutureTaskTest.testCustomExecutor(CompletableFutureTaskTest.java:95)&#10;&#10;Example of correct verification:&#10;    verify(mock).doSomething()&#10;&#10;Also, this error might show up because you verify either of: final/private/equals()/hashCode() methods.&#10;Those methods *cannot* be stubbed/verified.&#10;Mocking methods declared on non-public parent classes is not supported.&#10;",other,15
java,davidmoten.rxjava2-extras,com.github.davidmoten.rx2.buffertofile.FlowableOnBackpressureBufferToFileTest,testCancel,failure,other,1
java,feroult.yawp-b3bcf9c_yawp-testing.yawp-testing-appengine,io.yawp.testing.appengine.pipes.flow.FlowDropsTest,testFlowDropsToSameSink,expected:&lt;0&gt; but was:&lt;1&gt;,assertion mismatch,1
java,hector-client_hector,me.prettyprint.hom.EntityManagerFactoryTest,testCreateEntityManager,failure,other,36
java,jknack_handlebars.java,com.github.jknack.handlebars.HumanizeHelperTest,naturalTime,expected:&lt;[moments] ago&gt; but was:&lt;[one minute] ago&gt;,assertion mismatch,2
java,joel-costigliola_assertj-core,org.assertj.core.api.date.DateAssert_with_string_based_date_representation_Test,date_assertion_should_support_timestamp_string_representation,&#10;Expecting:&#10; &lt;&quot;2026-08-25T06:34:29 (Date@37a0a01c)&quot;&gt;&#10;to be equal to:&#10; &lt;&quot;2026-08-25T06:34:29 (Date@37a0a0ba)&quot;&gt;&#10;but was not.,assertion mismatch,1
java,joel-costigliola_assertj-core,org.assertj.core.api.date.DateAssert_with_string_based_date_representation_Test,date_assertion_should_support_timestamp_string_representation,&#10;Expecting:&#10; &lt;&quot;2026-08-25T06:33:29 (Date@379fb66a)&quot;&gt;&#10;to be equal to:&#10; &lt;&quot;2026-08-25T06:33:29 (Date@379fb765)&quot;&gt;&#10;but was not.,assertion mismatch,1
java,joel-costigliola_assertj-core,org.assertj.core.api.date.DateAssert_with_string_based_date_representation_Test,date_assertion_should_support_timestamp_string_representation,&#10;Expecting:&#10; &lt;&quot;2026-08-25T06:34:41 (Date@37a0d33a)&quot;&gt;&#10;to be equal to:&#10; &lt;&quot;2026-08-25T06:34:41 (Date@37a0d18d)&quot;&gt;&#10;but was not.,assertion mismatch,1
java,joel-costigliola_assertj-core,org.assertj.core.api.date.DateAssert_with_string_based_date_representation_Test,date_assertion_should_support_timestamp_string_representation,&#10;Expecting:&#10; &lt;&quot;2026-08-25T06:34:20 (Date@37a07ec6)&quot;&gt;&#10;to be equal to:&#10; &lt;&quot;2026-08-25T06:34:20 (Date@37a07fa7)&quot;&gt;&#10;but was not.,assertion mismatch,1
java,joel-costigliola_assertj-core,org.assertj.core.api.date.DateAssert_with_string_based_date_representation_Test,date_assertion_should_support_timestamp_string_representation,&#10;Expecting:&#10; &lt;&quot;2026-08-25T06:34:52 (Date@37a0fac2)&quot;&gt;&#10;to be equal to:&#10; &lt;&quot;2026-08-25T06:34:52 (Date@37a0fb4d)&quot;&gt;&#10;but was not.,assertion mismatch,1
java,joel-costigliola_assertj-core,org.assertj.core.api.date.DateAssert_with_string_based_date_representation_Test,date_assertion_should_support_timestamp_string_representation,&#10;Expecting:&#10; &lt;&quot;2026-08-25T06:34:48 (Date@37a0ecc6)&quot;&gt;&#10;to be equal to:&#10; &lt;&quot;2026-08-25T06:34:48 (Date@37a0ead7)&quot;&gt;&#10;but was not.,assertion mismatch,1
java,joel-costigliola_assertj-core,org.assertj.core.api.date.DateAssert_with_string_based_date_representation_Test,date_assertion_should_support_timestamp_string_representation,&#10;Expecting:&#10; &lt;&quot;2026-08-25T06:35:05 (Date@37a12f0c)&quot;&gt;&#10;to be equal to:&#10; &lt;&quot;2026-08-25T06:35:05 (Date@37a12c62)&quot;&gt;&#10;but was not.,assertion mismatch,1
java,kevinsawicki_http-request,com.github.kevinsawicki.http.HttpRequestTest,basicProxyAuthentication,java.io.IOException,other,2
java,kevinsawicki_http-request,com.github.kevinsawicki.http.HttpRequestTest,getUrlEncodedWithPercent,expected:&lt;/[%]&gt; but was:&lt;/[]&gt;,assertion mismatch,1
java,kevinsawicki_http-request,com.github.kevinsawicki.http.HttpRequestTest,getUrlEncodedWithSpace,expected:&lt;/[a resource]&gt; but was:&lt;/[]&gt;,assertion mismatch,2
java,kevinsawicki_http-request,com.github.kevinsawicki.http.HttpRequestTest,getUrlEncodedWithUnicode,expected:&lt;/[ß]&gt; but was:&lt;/[]&gt;,assertion mismatch,2
java,ninjaframework_ninja,controllers.ApplicationControllerTest,testThatHomepageWorks,failure,other,17
java,orbit_orbit,com.ea.orbit.actors.test.StatelessActorTest,statelessTest,expected:&lt;4&gt; but was:&lt;8&gt;,assertion mismatch,16
java,orbit_orbit,com.ea.orbit.actors.test.StatelessActorTest,statelessTest,expected:&lt;4&gt; but was:&lt;7&gt;,assertion mismatch,6
java,orbit_orbit,com.ea.orbit.actors.test.StatelessActorTest,statelessTest,expected:&lt;4&gt; but was:&lt;6&gt;,assertion mismatch,6
java,orbit_orbit,com.ea.orbit.actors.test.StatelessActorTest,statelessTest,expected:&lt;4&gt; but was:&lt;5&gt;,assertion mismatch,4
java,orbit_orbit,com.ea.orbit.actors.test.StatelessActorTest,statelessTest,expected:&lt;4&gt; but was:&lt;9&gt;,assertion mismatch,2
java,qos-ch_logback,ch.qos.logback.classic.pattern.ConverterTest,testRelativeTime,expected:&lt;[0]&gt; but was:&lt;[1]&gt;,assertion mismatch,1
java,qos-ch_logback,ch.qos.logback.classic.sift.MDCBasedDiscriminatorTest,nullMDC,"expected:&lt;{}&gt; but was:&lt;{localProperty=542984610, propertyDefinedWithinSift=913031722, compositeProperty=362986000, linger=session1915949200, max=1554840536}&gt;",assertion mismatch,1
java,qos-ch_logback,ch.qos.logback.classic.sift.MDCBasedDiscriminatorTest,nullMDC,"expected:&lt;{}&gt; but was:&lt;{localProperty=1102420262, propertyDefinedWithinSift=1189157242, compositeProperty=1296968626, linger=session2027370730, max=602628788}&gt;",assertion mismatch,1
java,qos-ch_logback,ch.qos.logback.classic.sift.MDCBasedDiscriminatorTest,nullMDC,"expected:&lt;{}&gt; but was:&lt;{localProperty=1873573609, propertyDefinedWithinSift=1586846841, compositeProperty=1305650602, max=731165493, linger=session1227723730}&gt;",assertion mismatch,1
java,qos-ch_logback,ch.qos.logback.classic.sift.MDCBasedDiscriminatorTest,nullMDC,"expected:&lt;{}&gt; but was:&lt;{propertyDefinedWithinSift=1143172138, localProperty=1443007, compositeProperty=103063822, linger=session1866946003, max=161471910}&gt;",assertion mismatch,1
java,qos-ch_logback,ch.qos.logback.classic.sift.MDCBasedDiscriminatorTest,nullMDC,"expected:&lt;{}&gt; but was:&lt;{propertyDefinedWithinSift=329486612, localProperty=375352394, compositeProperty=2010335566, max=624700666, linger=session1429481063}&gt;",assertion mismatch,1
java,qos-ch_logback,ch.qos.logback.classic.sift.MDCBasedDiscriminatorTest,nullMDC,"expected:&lt;{}&gt; but was:&lt;{propertyDefinedWithinSift=1511143008, localProperty=356656762, compositeProperty=224948577, linger=session239731213, max=393104239}&gt;",assertion mismatch,1
java,qos-ch_logback,ch.qos.logback.classic.sift.MDCBasedDiscriminatorTest,nullMDC,"expected:&lt;{}&gt; but was:&lt;{localProperty=813780697, propertyDefinedWithinSift=1383421191, compositeProperty=1280300875, linger=session1747097803, max=178695979}&gt;",assertion mismatch,1
java,qos-ch_logback,ch.qos.logback.classic.sift.MDCBasedDiscriminatorTest,nullMDC,"expected:&lt;{}&gt; but was:&lt;{localProperty=1911273559, propertyDefinedWithinSift=1747379606, compositeProperty=2009093259, max=654886535, linger=session2038773802}&gt;",assertion mismatch,1
java,qos-ch_logback,ch.qos.logback.classic.sift.MDCBasedDiscriminatorTest,nullMDC,"expected:&lt;{}&gt; but was:&lt;{propertyDefinedWithinSift=918369047, localProperty=319966619, compositeProperty=1531550349, max=937324770, linger=session897021248}&gt;",assertion mismatch,1
java,qos-ch_logback,ch.qos.logback.classic.sift.MDCBasedDiscriminatorTest,nullMDC,"expected:&lt;{}&gt; but was:&lt;{propertyDefinedWithinSift=41073766, localProperty=1848712473, compositeProperty=1209937280, max=1075688441, linger=session1406081519}&gt;",assertion mismatch,1
java,qos-ch_logback,ch.qos.logback.classic.sift.MDCBasedDiscriminatorTest,nullMDC,"expected:&lt;{}&gt; but was:&lt;{propertyDefinedWithinSift=1640105064, localProperty=1735400967, compositeProperty=1841841787, linger=session639009104, max=320555392}&gt;",assertion mismatch,1
java,qos-ch_logback,ch.qos.logback.classic.sift.MDCBasedDiscriminatorTest,nullMDC,"expected:&lt;{}&gt; but was:&lt;{propertyDefinedWithinSift=749670514, localProperty=822174819, compositeProperty=1176701799, max=1853389863, linger=session1288564233}&gt;",assertion mismatch,1
java,qos-ch_logback,ch.qos.logback.classic.sift.MDCBasedDiscriminatorTest,nullMDC,"expected:&lt;{}&gt; but was:&lt;{propertyDefinedWithinSift=1806839659, localProperty=698000343, compositeProperty=1495361409, max=1631833147, linger=session29925679}&gt;",assertion mismatch,1
java,qos-ch_logback,ch.qos.logback.classic.sift.MDCBasedDiscriminatorTest,nullMDC,"expected:&lt;{}&gt; but was:&lt;{localProperty=1596927470, propertyDefinedWithinSift=2021024099, compositeProperty=308420633, max=495378199, linger=session1988435083}&gt;",assertion mismatch,1
java,qos-ch_logback,ch.qos.logback.classic.sift.MDCBasedDiscriminatorTest,nullMDC,"expected:&lt;{}&gt; but was:&lt;{localProperty=1982724562, propertyDefinedWithinSift=336525322, compositeProperty=1201216837, linger=session1863181090, max=887123422}&gt;",assertion mismatch,1
java,qos-ch_logback,ch.qos.logback.classic.sift.MDCBasedDiscriminatorTest,nullMDC,"expected:&lt;{}&gt; but was:&lt;{localProperty=208952122, propertyDefinedWithinSift=161296549, compositeProperty=1758528058, max=949869310, linger=session1968732186}&gt;",assertion mismatch,1
java,qos-ch_logback,ch.qos.logback.core.AsyncAppenderBaseTest,workerShouldStopEvenIfInterruptExceptionConsumedWithinSubappender,failure,other,1
java,qos-ch_logback,ch.qos.logback.core.rolling.TimeBasedRollingTest,withMissingTargetDirWithCompression,target/test-output/813549868/2026-08-25/-2026-08-25_08_14_02.gz (No such file or directory),other,1
java,qos-ch_logback,ch.qos.logback.core.rolling.TimeBasedRollingTest,withMissingTargetDirWithCompression,target/test-output/1252049428/2026-08-25/-2026-08-25_08_13_01.gz (No such file or directory),other,1
java,square_okhttp,com.squareup.okhttp.internal.http.URLConnectionTest,connectViaHttpProxyToHttpsUsingBadProxyAndHttpResponseCache,Could not initialize class sun.security.ssl.SSLExtension,other,32
java,square_okhttp,com.squareup.okhttp.internal.spdy.SpdyConnectionTest,pushPromiseStream,expected:&lt;2&gt; but was:&lt;1&gt;,assertion mismatch,1
java,square_okhttp,com.squareup.okhttp.internal.spdy.SpdyConnectionTest,readSendsWindowUpdate,expected:&lt;1&gt; but was:&lt;0&gt;,assertion mismatch,14
java,square_okhttp,com.squareup.okhttp.internal.spdy.SpdyConnectionTest,readSendsWindowUpdateHttp2,expected:&lt;1&gt; but was:&lt;0&gt;,assertion mismatch,21
java,tootallnate_java-websocket,org.java_websocket.issues.Issue256Test,runReconnectBlockingScenario0,test timed out after 5000 milliseconds,timeout,2
java,tootallnate_java-websocket,org.java_websocket.issues.Issue256Test,runReconnectBlockingScenario0,Found 1 zombie thread(s),other,1
java,tootallnate_java-websocket,org.java_websocket.issues.Issue256Test,runReconnectBlockingScenario2,test timed out after 5000 milliseconds,timeout,1
java,tootallnate_java-websocket,org.java_websocket.issues.Issue256Test,runReconnectBlockingScenario2,Found 1 zombie thread(s),other,1
java,tootallnate_java-websocket,org.java_websocket.issues.Issue256Test,runReconnectBlockingScenario2,Found 3 zombie thread(s),other,1
java,tootallnate_java-websocket,org.java_websocket.issues.Issue256Test,runReconnectBlockingScenario4,Found 1 zombie thread(s),other,1
java,tootallnate_java-websocket,org.java_websocket.issues.Issue256Test,runReconnectBlockingScenario5,Found 1 zombie thread(s),other,1
java,tootallnate_java-websocket,org.java_websocket.issues.Issue256Test,runReconnectBlockingScenario6,Found 2 zombie thread(s),other,4
java,tootallnate_java-websocket,org.java_websocket.issues.Issue256Test,runReconnectBlockingScenario7,Found 2 zombie thread(s),other,3
java,tootallnate_java-websocket,org.java_websocket.issues.Issue256Test,runReconnectBlockingScenario7,Found 1 zombie thread(s),other,2
java,tootallnate_java-websocket,org.java_websocket.issues.Issue256Test,runReconnectBlockingScenario8,Found 2 zombie thread(s),other,2
java,tootallnate_java-websocket,org.java_websocket.issues.Issue256Test,runReconnectBlockingScenario8,Found 1 zombie thread(s),other,1
java,tootallnate_java-websocket,org.java_websocket.issues.Issue256Test,runReconnectBlockingScenario9,test timed out after 5000 milliseconds,timeout,3
java,tootallnate_java-websocket,org.java_websocket.issues.Issue256Test,runReconnectScenario0,Found 1 zombie thread(s),other,4
java,tootallnate_java-websocket,org.java_websocket.issues.Issue256Test,runReconnectScenario0,test timed out after 5000 milliseconds,timeout,1
java,tootallnate_java-websocket,org.java_websocket.issues.Issue256Test,runReconnectScenario1,Found 1 zombie thread(s),other,1
java,tootallnate_java-websocket,org.java_websocket.issues.Issue256Test,runReconnectScenario2,test timed out after 5000 milliseconds,timeout,1
java,tootallnate_java-websocket,org.java_websocket.issues.Issue256Test,runReconnectScenario4,Found 1 zombie thread(s),other,1
java,tootallnate_java-websocket,org.java_websocket.issues.Issue256Test,runReconnectScenario8,Found 1 zombie thread(s),other,3
java,tootallnate_java-websocket,org.java_websocket.issues.Issue256Test,runReconnectScenario8,Found 2 zombie thread(s),other,1
java,tootallnate_java-websocket,org.java_websocket.issues.Issue256Test,runReconnectScenario9,Found 1 zombie thread(s),other,5
java,tootallnate_java-websocket,org.java_websocket.issues.Issue256Test,runReconnectScenario9,test timed out after 5000 milliseconds,timeout,2
java,tootallnate_java-websocket,org.java_websocket.misc.OpeningHandshakeRejectionTest,testHandshakeRejectionTestCase10,Error,other,1
java,wro4j_wro4j,ro.isdc.wro.extensions.processor.TestBourbonCssProcessor,shouldBeThreadSafe,"java.lang.RuntimeException: ro.isdc.wro.WroRuntimeException: org.jruby.embed.EvalFailedException: java.lang.RuntimeException: com.headius.invokebinder.InvalidTransformException: java.lang.IllegalAccessException: no such method: rubyjit.Sass::SCSS::Parser$$block_99C62159A2DD37238D683F7E2E25FFABD46C7DEF1830745997.__file__(Sass::SCSS::Parser$$block_99C62159A2DD37238D683F7E2E25FFABD46C7DEF1830745997,ThreadContext,IRubyObject,IRubyObject,IRubyObject,Block)IRubyObject/invokeStatic",other,1
java,wro4j_wro4j,ro.isdc.wro.extensions.processor.TestRubySassCssProcessor,executeMultipleTimesDoesntThrowOutOfMemoryException,"org.jruby.embed.EvalFailedException: java.lang.RuntimeException: com.headius.invokebinder.InvalidTransformException: java.lang.IllegalAccessException: no such method: rubyjit.Sass::SCSS::Parser$$block_99C62159A2DD37238D683F7E2E25FFABD46C7DEF1830745997.__file__(Sass::SCSS::Parser$$block_99C62159A2DD37238D683F7E2E25FFABD46C7DEF1830745997,ThreadContext,IRubyObject,IRubyObject,IRubyObject,Block)IRubyObject/invokeStatic",other,1
java,wro4j_wro4j,ro.isdc.wro.extensions.processor.TestRubySassCssProcessor,shouldBeThreadSafe,"java.lang.RuntimeException: ro.isdc.wro.WroRuntimeException: org.jruby.embed.EvalFailedException: java.lang.RuntimeException: com.headius.invokebinder.InvalidTransformException: java.lang.IllegalAccessException: no such method: rubyjit.Sass::SCSS::Parser$$block_99C62159A2DD37238D683F7E2E25FFABD46C7DEF1830745997.__file__(Sass::SCSS::Parser$$block_99C62159A2DD37238D683F7E2E25FFABD46C7DEF1830745997,ThreadContext,IRubyObject,IRubyObject,IRubyObject,Block)IRubyObject/invokeStatic",other,1
java,wro4j_wro4j,ro.isdc.wro.extensions.processor.TestRubySassCssProcessor,shouldSucceedAfterAFailure,"org.jruby.embed.EvalFailedException: java.lang.RuntimeException: com.headius.invokebinder.InvalidTransformException: java.lang.IllegalAccessException: no such method: rubyjit.Sass::SCSS::Parser$$block_99C62159A2DD37238D683F7E2E25FFABD46C7DEF1830745997.__file__(Sass::SCSS::Parser$$block_99C62159A2DD37238D683F7E2E25FFABD46C7DEF1830745997,ThreadContext,IRubyObject,IRubyObject,IRubyObject,Block)IRubyObject/invokeStatic",other,1
java,wro4j_wro4j,ro.isdc.wro.extensions.processor.support.sass.TestRubySassEngine,shouldProcessValidCss,"org.jruby.embed.EvalFailedException: java.lang.RuntimeException: com.headius.invokebinder.InvalidTransformException: java.lang.IllegalAccessException: no such method: rubyjit.Sass::SCSS::Parser$$block_99C62159A2DD37238D683F7E2E25FFABD46C7DEF1830745997.__file__(Sass::SCSS::Parser$$block_99C62159A2DD37238D683F7E2E25FFABD46C7DEF1830745997,ThreadContext,IRubyObject,IRubyObject,IRubyObject,Block)IRubyObject/invokeStatic",other,1
java,wro4j_wro4j,ro.isdc.wro.extensions.processor.support.sass.TestRubySassEngine,shouldProcessValidSass,"org.jruby.embed.EvalFailedException: java.lang.RuntimeException: com.headius.invokebinder.InvalidTransformException: java.lang.IllegalAccessException: no such method: rubyjit.Sass::SCSS::Parser$$block_99C62159A2DD37238D683F7E2E25FFABD46C7DEF1830745997.__file__(Sass::SCSS::Parser$$block_99C62159A2DD37238D683F7E2E25FFABD46C7DEF1830745997,ThreadContext,IRubyObject,IRubyObject,IRubyObject,Block)IRubyObject/invokeStatic",other,1
java,zxing_zxing,com.google.zxing.aztec.encoder.EncoderTest,testAztecWriter,error,other,2
python,pypa-setuptools,setuptools.tests.test_build,test_distribution_gives_setuptools_build_obj,"AssertionError: assert False&#10; +  where False = isinstance(&lt;distutils.command.build.build object at 0x7f949cb59360&gt;, build)&#10; +    where &lt;distutils.command.build.build object at 0x7f949cb59360&gt; = &lt;bound method Distribution.get_command_obj of &lt;setuptools.dist.Distribution object at 0x7f949cb5b040&gt;&gt;('build')&#10; +      where &lt;bound method Distribution.get_command_obj of &lt;setuptools.dist.Distribution object at 0x7f949cb5b040&gt;&gt; = &lt;setuptools.dist.Distrib",assertion mismatch,1
python,pypa-setuptools,setuptools.tests.test_build,test_distribution_gives_setuptools_build_obj,"AssertionError: assert False&#10; +  where False = isinstance(&lt;distutils.command.build.build object at 0x7f44655bc610&gt;, build)&#10; +    where &lt;distutils.command.build.build object at 0x7f44655bc610&gt; = &lt;bound method Distribution.get_command_obj of &lt;setuptools.dist.Distribution object at 0x7f446512a650&gt;&gt;('build')&#10; +      where &lt;bound method Distribution.get_command_obj of &lt;setuptools.dist.Distribution object at 0x7f446512a650&gt;&gt; = &lt;setuptools.dist.Distrib",assertion mismatch,1
python,pypa-setuptools,setuptools.tests.test_build,test_distribution_gives_setuptools_build_obj,"AssertionError: assert False&#10; +  where False = isinstance(&lt;distutils.command.build.build object at 0x7f47d81facb0&gt;, build)&#10; +    where &lt;distutils.command.build.build object at 0x7f47d81facb0&gt; = &lt;bound method Distribution.get_command_obj of &lt;setuptools.dist.Distribution object at 0x7f47d81fbfa0&gt;&gt;('build')&#10; +      where &lt;bound method Distribution.get_command_obj of &lt;setuptools.dist.Distribution object at 0x7f47d81fbfa0&gt;&gt; = &lt;setuptools.dist.Distrib",assertion mismatch,1
python,pypa-setuptools,setuptools.tests.test_build,test_distribution_gives_setuptools_build_obj,"AssertionError: assert False&#10; +  where False = isinstance(&lt;distutils.command.build.build object at 0x7f8c6141a4a0&gt;, build)&#10; +    where &lt;distutils.command.build.build object at 0x7f8c6141a4a0&gt; = &lt;bound method Distribution.get_command_obj of &lt;setuptools.dist.Distribution object at 0x7f8c6141a920&gt;&gt;('build')&#10; +      where &lt;bound method Distribution.get_command_obj of &lt;setuptools.dist.Distribution object at 0x7f8c6141a920&gt;&gt; = &lt;setuptools.dist.Distrib",assertion mismatch,1
python,pypa-setuptools,setuptools.tests.test_build,test_distribution_gives_setuptools_build_obj,"AssertionError: assert False&#10; +  where False = isinstance(&lt;distutils.command.build.build object at 0x7fb67cc85780&gt;, build)&#10; +    where &lt;distutils.command.build.build object at 0x7fb67cc85780&gt; = &lt;bound method Distribution.get_command_obj of &lt;setuptools.dist.Distribution object at 0x7fb67c81be50&gt;&gt;('build')&#10; +      where &lt;bound method Distribution.get_command_obj of &lt;setuptools.dist.Distribution object at 0x7fb67c81be50&gt;&gt; = &lt;setuptools.dist.Distrib",assertion mismatch,1
python,pypa-setuptools,setuptools.tests.test_build,test_distribution_gives_setuptools_build_obj,"AssertionError: assert False&#10; +  where False = isinstance(&lt;distutils.command.build.build object at 0x7f9e4457fc10&gt;, build)&#10; +    where &lt;distutils.command.build.build object at 0x7f9e4457fc10&gt; = &lt;bound method Distribution.get_command_obj of &lt;setuptools.dist.Distribution object at 0x7f9e4457fa60&gt;&gt;('build')&#10; +      where &lt;bound method Distribution.get_command_obj of &lt;setuptools.dist.Distribution object at 0x7f9e4457fa60&gt;&gt; = &lt;setuptools.dist.Distrib",assertion mismatch,1
python,pypa-setuptools,setuptools.tests.test_build,test_distribution_gives_setuptools_build_obj,"AssertionError: assert False&#10; +  where False = isinstance(&lt;distutils.command.build.build object at 0x7f23308ab040&gt;, build)&#10; +    where &lt;distutils.command.build.build object at 0x7f23308ab040&gt; = &lt;bound method Distribution.get_command_obj of &lt;setuptools.dist.Distribution object at 0x7f23308ab880&gt;&gt;('build')&#10; +      where &lt;bound method Distribution.get_command_obj of &lt;setuptools.dist.Distribution object at 0x7f23308ab880&gt;&gt; = &lt;setuptools.dist.Distrib",assertion mismatch,1
python,pypa-setuptools,setuptools.tests.test_build,test_distribution_gives_setuptools_build_obj,"AssertionError: assert False&#10; +  where False = isinstance(&lt;distutils.command.build.build object at 0x7fe1341148e0&gt;, build)&#10; +    where &lt;distutils.command.build.build object at 0x7fe1341148e0&gt; = &lt;bound method Distribution.get_command_obj of &lt;setuptools.dist.Distribution object at 0x7fe12f8be5f0&gt;&gt;('build')&#10; +      where &lt;bound method Distribution.get_command_obj of &lt;setuptools.dist.Distribution object at 0x7fe12f8be5f0&gt;&gt; = &lt;setuptools.dist.Distrib",assertion mismatch,1
python,pypa-setuptools,setuptools.tests.test_build,test_distribution_gives_setuptools_build_obj,"AssertionError: assert False&#10; +  where False = isinstance(&lt;distutils.command.build.build object at 0x7f5b181fc100&gt;, build)&#10; +    where &lt;distutils.command.build.build object at 0x7f5b181fc100&gt; = &lt;bound method Distribution.get_command_obj of &lt;setuptools.dist.Distribution object at 0x7f5b181fec20&gt;&gt;('build')&#10; +      where &lt;bound method Distribution.get_command_obj of &lt;setuptools.dist.Distribution object at 0x7f5b181fec20&gt;&gt; = &lt;setuptools.dist.Distrib",assertion mismatch,1
python,pypa-setuptools,setuptools.tests.test_build,test_distribution_gives_setuptools_build_obj,"AssertionError: assert False&#10; +  where False = isinstance(&lt;distutils.command.build.build object at 0x7feec8391d80&gt;, build)&#10; +    where &lt;distutils.command.build.build object at 0x7feec8391d80&gt; = &lt;bound method Distribution.get_command_obj of &lt;setuptools.dist.Distribution object at 0x7feec8392aa0&gt;&gt;('build')&#10; +      where &lt;bound method Distribution.get_command_obj of &lt;setuptools.dist.Distribution object at 0x7feec8392aa0&gt;&gt; = &lt;setuptools.dist.Distrib",assertion mismatch,1
python,pypa-setuptools,setuptools.tests.test_build,test_subcommand_in_distutils,"Failed: DID NOT WARN. No warnings of type (&lt;class 'setuptools.warnings.SetuptoolsDeprecationWarning'&gt;,) were emitted.&#10;The list of emitted warnings is: [].",other,10
python,pypa-setuptools,setuptools.tests.test_editable_install.TestOverallBehaviour,test_editable_install[lenient-flat-layout],AssertionError: assert b'17 781' in b'42 781\n',assertion mismatch,1
